Workbook
Name K9101992: 'ZK Ağırlıklı Ortalama Oran'!$I$91227

Sheet TLZK Kal
A1: Zorunlu Karşılığa Tabi Türk Lirası Kalemler (milyon TL)
A2: Yükümlülük Tarihi | B2: Tesis Başlangıç Tarihi | C2: Tesis Bitiş Tarihi | D2: Toplam | E2: Vadesiz mevduat ve özel cari hesap | F2: 1 aya kadar (1 ay dahil) vadeli mevduat /katılma hesabı | G2: 3 aya kadar (3 ay dahil) vadeli mevduat /katılma hesabı | H2: 6 aya kadar (6 ay dahil) vadeli mevduat /katılma hesabı | I2: 1 yıla kadar vadeli mevduat /katılma hesabı | J2: 1 yıl ve daha uzun vadeli mevduat /katılma hesabı | K2: 1 yıla kadar (1 yıl dahil) vadeli mevduat dışı yük. | L2: 3 yıla kadar (3 yıl dahil) vadeli mevduat dışı yük. | M2: 3 yıldan uzun vadeli mevduat dışı yük.
A3: 40802 | B3: 40816 | C3: 40829 | D3: =+SUM(E3:Q3) -> 519379.34 | E3: 71112.821 | F3: 63321.84 | G3: 261180.15 | H3: 41852.786 | I3: 9850.851 | J3: 12543.614 | K3: 59517.279
A4: 40816 | B4: 40830 | C4: 40843 | D4: =+SUM(E4:Q4) -> 522453.46 | E4: 70923.261 | F4: 62134.486 | G4: 260081.52 | H4: 42377.79 | I4: 10125.583 | J4: 12944.388 | K4: 58115.975 | L4: 2903.918 | M4: 2846.548
A5: 40830 | B5: 40844 | C5: 40857 | D5: =+SUM(E5:Q5) -> 521678.21 | E5: 72315.194 | F5: 60884.95 | G5: 261347.82 | H5: 42109.699 | I5: 10073.761 | J5: 13160.675 | K5: 56083.511 | L5: 2820.666 | M5: 2881.929
A6: 40844 | B6: 40858 | C6: 40871 | D6: =+SUM(E6:Q6) -> 511549.6 | E6: 69072.684 | F6: 57872.41 | G6: 261047.18 | H6: 41243.438 | I6: 9701.736 | J6: 13265.822 | K6: 53638.267 | L6: 2826.392 | M6: 2881.676
A7: 40858 | B7: 40872 | C7: 40885 | D7: =+SUM(E7:Q7) -> 515171.32 | E7: 66555.358 | F7: 60543.806 | G7: 262115.65 | H7: 40816.622 | I7: 9422.439 | J7: 13268.025 | K7: 56232.551 | L7: 3329.418 | M7: 2887.444
A8: 40872 | B8: 40886 | C8: 40899 | D8: =+SUM(E8:Q8) -> 516909.63 | E8: 68498.128 | F8: 61200.699 | G8: 262857.86 | H8: 38164.866 | I8: 9383.139 | J8: 13435.83 | K8: 57158.745 | L8: 3391.408 | M8: 2818.962
A9: 40886 | B9: 40900 | C9: 40913 | D9: =+SUM(E9:Q9) -> 513995.42 | E9: 65143.775 | F9: 63164.127 | G9: 260268.42 | H9: 39300.632 | I9: 9194.921 | J9: 13310.698 | K9: 56870.175 | L9: 3718.794 | M9: 3023.877
A10: 40900 | B10: 40914 | C10: 40927 | D10: =+SUM(E10:Q10) -> 519184.62 | E10: 70234.655 | F10: 64527.903 | G10: 259700.78 | H10: 39374.009 | I10: 9140.738 | J10: 13380.183 | K10: 56481.354 | L10: 3321.609 | M10: 3023.385
A11: 40914 | B11: 40928 | C11: 40941 | D11: =+SUM(E11:Q11) -> 513331.44 | E11: 62432.633 | F11: 61052.933 | G11: 269108.88 | H11: 37339.004 | I11: 8117.653 | J11: 13461.149 | K11: 54842.8 | L11: 3948.081 | M11: 3028.309
A12: 40928 | B12: 40942 | C12: 40955 | D12: =+SUM(E12:Q12) -> 515535.35 | E12: 65864.887 | F12: 56631.326 | G12: 272661.48 | H12: 36763.403 | I12: 7340.093 | J12: 13486.675 | K12: 55225.913 | L12: 3943.719 | M12: 3617.854
A13: 40942 | B13: 40956 | C13: 40969 | D13: =+SUM(E13:Q13) -> 511754.27 | E13: 62129.842 | F13: 55581.355 | G13: 272403.27 | H13: 36861.453 | I13: 6903.11 | J13: 13488.336 | K13: 56814.488 | L13: 3947.723 | M13: 3624.698
A14: 40956 | B14: 40970 | C14: 40983 | D14: =+SUM(E14:Q14) -> 522057.45 | E14: 70432.061 | F14: 55998.357 | G14: 269519.7 | H14: 37487.238 | I14: 7139.326 | J14: 13703.84 | K14: 60159.486 | L14: 3993.233 | M14: 3624.204
A15: 40970 | B15: 40984 | C15: 40997 | D15: =+SUM(E15:Q15) -> 512098.32 | E15: 64594.47 | F15: 56846.615 | G15: 269837.46 | H15: 36494.707 | I15: 7410.326 | J15: 13695.18 | K15: 55422.234 | L15: 3976.28 | M15: 3821.048
... A91: 42034 | B91: 42048 | C91: 42061 | D91: =+SUM(E91:Q91) -> 756380.94 | E91: 116305.57 | F91: 103293.35 | G91: 385727.66 | H91: 28365.091 | I91: 19250.481 | J91: 10301.132 | K91: 69724.432 | L91: 13214.039 | M91: 10199.189
A93: Yükümlülük Tarihi | B93: Tesis Başlangıç Tarihi | C93: Tesis Bitiş Tarihi | D93: Toplam | E93: vadesiz mevduat ve özel cari hesap | F93: 1 aya kadar (1 ay dahil) vadeli mevduat /katılma hesabı | G93: 3 aya kadar (3 ay dahil) vadeli mevduat /katılma hesabı | H93: 6 aya kadar (6 ay dahil) vadeli mevduat /katılma hesabı | I93: 1 yıla kadar vadeli mevduat /katılma hesabı | J93: 1 yıl ve daha uzun vadeli mevduat /katılma hesabı | K93: 1 yıla kadar (1 yıl dahil) vadeli mevduat dışı yük. | L93: 2 yıla kadar (2 yıl dahil) vadeli mevduat dışı yük. | M93: 3 yıla kadar (3 yıl dahil) vadeli mevduat dışı yük. | N93: 5 yıla kadar (5 yıl dahil) vadeli mevduat dışı yük. | O93: 5 yıldan uzun vadeli mevduat dışı yük.
A94: 42048 | B94: 42062 | C94: 42075 | D94: =+SUM(E94:Q94) -> 766683.06 | E94: 119794.46 | F94: 110949.64 | G94: 388186.78 | H94: 29012.698 | I94: 18020.251 | J94: 10132.54 | K94: 67711.567 | L94: 10115.894 | M94: 2770.813 | N94: 5098.291 | O94: 4890.128
A95: 42062 | B95: 42076 | C95: 42089 | D95: =+SUM(E95:Q95) -> 763056.17 | E95: 128700.64 | F95: 102557.26 | G95: 384481.99 | H95: 26742.045 | I95: 22482.877 | J95: 10041.253 | K95: 65163.083 | L95: 10114.947 | M95: 2770.813 | N95: 5121.338 | O95: 4879.92
A96: 42076 | B96: 42090 | C96: 42103 | D96: =+SUM(E96:Q96) -> 766332.79 | E96: 123712.6 | F96: 109174.65 | G96: 385904.36 | H96: 24947.658 | I96: 22442.119 | J96: 10201.15 | K96: 67445.349 | L96: 9721.799 | M96: 2820.813 | N96: 5125.534 | O96: 4836.754
A97: 42090 | B97: 42104 | C97: 42117 | D97: =+SUM(E97:Q97) -> 764003.24 | E97: 123418.4 | F97: 106071.85 | G97: 388630.12 | H97: 22482.449 | I97: 22140.014 | J97: 10202.725 | K97: 68609.964 | L97: 9746.608 | M97: 2753.769 | N97: 5145.788 | O97: 4801.556
A98: 42104 | B98: 42118 | C98: 42131 | D98: =+SUM(E98:Q98) -> 766695.51 | E98: 119813 | F98: 103397.46 | G98: 397409.75 | H98: 20509.313 | I98: 22508.773 | J98: 10243.98 | K98: 70904.494 | L98: 9557.304 | M98: 2847.996 | N98: 4856.285 | O98: 4647.153
A99: 42118 | B99: 42132 | C99: 42145 | D99: =+SUM(E99:Q99) -> 768955.24 | E99: 125026.11 | F99: 103361.16 | G99: 398781.95 | H99: 19483.668 | I99: 22210.438 | J99: 10197.677 | K99: 67968.176 | L99: 9632.347 | M99: 2847.413 | N99: 4888.691 | O99: 4557.601
A100: 42132 | B100: 42146 | C100: 42159 | D100: =+SUM(E100:Q100) -> 762181.5 | E100: 119606.64 | F100: 108129.19 | G100: 394195.69 | H100: 19700.214 | I100: 20594.742 | J100: 10080.764 | K100: 68343.347 | L100: 9656.107 | M100: 2987.37 | N100: 4333.775 | O100: 4553.659
A101: 42146 | B101: 42160 | C101: 42173 | D101: =+SUM(E101:Q101) -> 751406.7 | E101: 120610.34 | F101: 101015.36 | G101: 388678.7 | H101: 19550.303 | I101: 21297.472 | J101: 9183.223 | K101: 69822.503 | L101: 9748.735 | M101: 2610.755 | N101: 4350.18 | O101: 4539.137
A102: 42160 | B102: 42174 | C102: 42187 | D102: =+SUM(E102:Q102) -> 753225.42 | E102: 119841.37 | F102: 103493.18 | G102: 388631.16 | H102: 20770.387 | I102: 20339.872 | J102: 9085.565 | K102: 69529.34 | L102: 10041.031 | M102: 2610.756 | N102: 4342.74 | O102: 4540.027
A103: 42174 | B103: 42188 | C103: 42201 | D103: =+SUM(E103:Q103) -> 757980.62 | E103: 123441.25 | F103: 103991.27 | G103: 389604.25 | H103: 21551.907 | I103: 19251.198 | J103: 8911.711 | K103: 69932.501 | L103: 9782.028 | M103: 2635.756 | N103: 4341.057 | O103: 4537.677
A104: 42188 | B104: 42205 | C104: 42215 | D104: =+SUM(E104:Q104) -> 748038.76 | E104: 118776.5 | F104: 100937.33 | G104: 387696.36 | H104: 25587.089 | I104: 18742.061 | J104: 8883.827 | K104: 65858.747 | L104: 9868.42 | M104: 2710.715 | N104: 4433.072 | O104: 4544.637
A105: 42205 | B105: 42216 | C105: 42229 | D105: =+SUM(E105:Q105) -> 756594.1 | E105: 129776.81 | F105: 98629.415 | G105: 386696.18 | H105: 26100.017 | I105: 18537.705 | J105: 8892.884 | K105: 66284.067 | L105: 9939.53 | M105: 2740.715 | N105: 4433.072 | O105: 4563.706
... A119: 42398 | B119: 42412 | C119: 42425 | D119: =+SUM(E119:Q119) -> 812379.89 | E119: 134249.27 | F119: 100077.6 | G119: 437189.76 | H119: 28358.017 | I119: 14893.154 | J119: 8815.867 | K119: 66725.615 | L119: 10615.559 | M119: 2724.862 | N119: 5001.261 | O119: 3728.933
A121: Yükümlülük Tarihi | B121: Tesis Başlangıç Tarihi | C121: Tesis Bitiş Tarihi | D121: Toplam | E121: vadesiz mevduat ve özel cari hesap | F121: 1 aya kadar (1 ay dahil) vadeli mevduat /katılma hesabı | G121: 3 aya kadar (3 ay dahil) vadeli mevduat /katılma hesabı | H121: 6 aya kadar (6 ay dahil) vadeli mevduat /katılma hesabı | I121: 1 yıla kadar vadeli mevduat /katılma hesabı | J121: 1 yıl ve daha uzun vadeli mevduat /katılma hesabı | K121: 1 yıla kadar (1 yıl dahil) vadeli mevduat dışı yük. | L121: 2 yıla kadar (2 yıl dahil) vadeli mevduat dışı yük. | M121: 3 yıla kadar (3 yıl dahil) vadeli mevduat dışı yük. | N121: 5 yıla kadar (5 yıl dahil) vadeli mevduat dışı yük. | O121: 5 yıldan uzun vadeli mevduat dışı yük. | P121: Müstakrizlerin Fonları
A122: 42412 | B122: 42426 | C122: 42439 | D122: =+SUM(E122:Q122) -> 825251.69 | E122: 136013.34 | F122: 104692.3 | G122: 432661.25 | H122: 30396.798 | I122: 15601.905 | J122: 8696.925 | K122: 74849.697 | L122: 10818.504 | M122: 2724.862 | N122: 5030.671 | O122: 3738.467 | P122: 26.964
A123: 42426 | B123: 42440 | C123: 42453 | D123: =+SUM(E123:Q123) -> 828618.29 | E123: 140272.63 | F123: 100423.06 | G123: 431519.08 | H123: 32893.029 | I123: 16374.642 | J123: 8573.233 | K123: 76546.953 | L123: 10588.205 | M123: 2727.52 | N123: 4947.087 | O123: 3719.747 | P123: 33.105
A124: 42440 | B124: 42454 | C124: 42467 | D124: =+SUM(E124:Q124) -> 831319.86 | E124: 133806.32 | F124: 105244.71 | G124: 435020.51 | H124: 33854.364 | I124: 16932.288 | J124: 8306.665 | K124: 76408.765 | L124: 10936.525 | M124: 2810.318 | N124: 4224.736 | O124: 3745.945 | P124: 28.707
A125: 42454 | B125: 42468 | C125: 42481 | D125: =+SUM(E125:Q125) -> 825152.2 | E125: 129776.25 | F125: 101138.66 | G125: 434031.53 | H125: 35414.742 | I125: 17564.327 | J125: 8477.635 | K125: 76700.114 | L125: 11278.85 | M125: 2810.156 | N125: 4216.567 | O125: 3715.055 | P125: 28.309
A126: 42468 | B126: 42482 | C126: 42495 | D126: =+SUM(E126:Q126) -> 825400.71 | E126: 126939.36 | F126: 104879.68 | G126: 431902.23 | H126: 37010.836 | I126: 18348.677 | J126: 8412.98 | K126: 76056.085 | L126: 11634.076 | M126: 2353.114 | N126: 4192.046 | O126: 3654.808 | P126: 16.821
A127: 42482 | B127: 42496 | C127: 42509 | D127: =+SUM(E127:Q127) -> 828006.58 | E127: 131666.7 | F127: 101094.26 | G127: 430198.21 | H127: 38521.416 | I127: 18885.393 | J127: 8605.253 | K127: 77022.498 | L127: 11978.958 | M127: 2176.114 | N127: 4190.383 | O127: 3651.086 | P127: 16.313
A128: 42496 | B128: 42510 | C128: 42523 | D128: =+SUM(E128:Q128) -> 837662.49 | E128: 132897.78 | F128: 108579.05 | G128: 433708.02 | H128: 36878.525 | I128: 18350.484 | J128: 8516.156 | K128: 76736.718 | L128: 12064.57 | M128: 2156.115 | N128: 4179.741 | O128: 3576.906 | P128: 18.426
A129: 42510 | B129: 42524 | C129: 42537 | D129: =+SUM(E129:Q129) -> 850581.56 | E129: 140023.67 | F129: 110767.46 | G129: 436612.47 | H129: 36454.852 | I129: 18567.31 | J129: 8484.711 | K129: 77547.033 | L129: 12113.074 | M129: 2230.784 | N129: 4181.433 | O129: 3581.42 | P129: 17.342
A130: 42524 | B130: 42538 | C130: 42551 | D130: =+SUM(E130:Q130) -> 853451.99 | E130: 138933.82 | F130: 114977.58 | G130: 439065.39 | H130: 34309.762 | I130: 18443.16 | J130: 8601.509 | K130: 76885.659 | L130: 12320.428 | M130: 1986.47 | N130: 4260.993 | O130: 3638.51 | P130: 28.71
A131: 42538 | B131: 42552 | C131: 42565 | D131: =+SUM(E131:Q131) -> 860547.34 | E131: 144951.46 | F131: 106811.85 | G131: 446003.17 | H131: 36429.497 | I131: 19108.407 | J131: 8598.187 | K131: 76146.066 | L131: 12578.572 | M131: 1966.469 | N131: 4270.909 | O131: 3642.708 | P131: 40.04
A132: 42552 | B132: 42566 | C132: 42579 | D132: =+SUM(E132:Q132) -> 865915.97 | E132: 149274.92 | F132: 102860.22 | G132: 448497.28 | H132: 37273.21 | I132: 19400.971 | J132: 8841.832 | K132: 77147.908 | L132: 12894.26 | M132: 1797.727 | N132: 4248.035 | O132: 3648.738 | P132: 30.861
A133: 42566 | B133: 42580 | C133: 42593 | D133: =+SUM(E133:Q133) -> 871838.65 | E133: 151910.29 | F133: 107257.04 | G133: 445755.43 | H133: 38206.677 | I133: 20270.45 | J133: 9015.184 | K133: 77150.545 | L133: 12557.091 | M133: 1797.727 | N133: 4248.035 | O133: 3647.858 | P133: 22.327
... A283: 44666 | B283: 44680 | C283: 44693 | D283: =+SUM(E283:Q283) -> 2190461.9 | E283: 521380.66 | F283: 383394.98 | G283: 774770.23 | H283: 220042.38 | I283: 26793.664 | J283: 35390.139 | K283: 207816.05 | L283: 7223.627 | M283: 1174.797 | N283: 945.864 | O283: 11351.802 | P283: 177.713
A285: Yükümlülük Tarihi | B285: Tesis Başlangıç Tarihi | C285: Tesis Bitiş Tarihi | D285: Toplam | E285: Vadesiz mevduat ve özel cari hesap | F285: 1 aya kadar (1 ay dahil) vadeli mevduat /katılma hesabı | G285: 3 aya kadar (3 ay dahil) vadeli mevduat /katılma hesabı | H285: 6 aya kadar (6 ay dahil) vadeli mevduat /katılma hesabı | I285: 1 yıla kadar vadeli mevduat /katılma hesabı | J285: 1 yıl ve daha uzun vadeli mevduat /katılma hesabı | K285: 1 yıla kadar (1 yıl dahil) vadeli mevduat dışı yük. | L285: 2 yıla kadar (2 yıl dahil) vadeli mevduat dışı yük. | M285: 3 yıla kadar (3 yıl dahil) vadeli mevduat dışı yük. | N285: 5 yıla kadar (5 yıl dahil) vadeli mevduat dışı yük. | O285: 5 yıldan uzun vadeli mevduat dışı yük. | P285: Müstakrizlerin fonları | Q285: Zorunlu karşılığa tabi varlıklar
A286: 44680 | B286: 44694 | C286: 44707 | D286: =+SUM(E286:Q286) -> 2594161.7 | E286: 567367.4 | F286: 365926.35 | G286: 787014.91 | H286: 235507.43 | I286: 28714.66 | J286: 35300.252 | K286: 224604.74 | L286: 15807.748 | M286: 3381.957 | N286: 1524.986 | O286: 11344.199 | P286: 161.334 | Q286: 317505.77
A287: 44694 | B287: 44708 | C287: 44721 | D287: =+SUM(E287:Q287) -> 2582019.3 | E287: 525667.43 | F287: 392482.31 | G287: 779858.19 | H287: 246740.86 | I287: 29117.692 | J287: 34270.029 | K287: 224055.88 | L287: 15380.028 | M287: 3584.552 | N287: 1848.791 | O287: 11344.234 | P287: 163.495 | Q287: 317505.77
A288: 44708 | B288: 44722 | C288: 44735 | D288: =+SUM(E288:Q288) -> 2546347.7 | E288: 550802.9 | F288: 395346 | G288: 767456.92 | H288: 265329.47 | I288: 30029.727 | J288: 34380.901 | K288: 217675.03 | L288: 8916.469 | M288: 1415.691 | N288: 1469.501 | O288: 11344.269 | P288: 225.651 | Q288: 261955.2
A289: 44722 | B289: 44736 | C289: 44749 | D289: =+SUM(E289:Q289) -> 2614629.7 | E289: 571433.31 | F289: 415821.57 | G289: 766074.16 | H289: 285097.88 | I289: 30529.512 | J289: 32902.535 | K289: 227002.35 | L289: 9370.455 | M289: 1476.619 | N289: 1467.65 | O289: 11344.303 | P289: 154.193 | Q289: 261955.2
A290: 44736 | B290: 44750 | C290: 44763 | D290: =+SUM(E290:Q290) -> 2649917.4 | E290: 590095.8 | F290: 425156.71 | G290: 782472.78 | H290: 300105.56 | I290: 30185.197 | J290: 32618.861 | K290: 231947.96 | L290: 9684.936 | M290: 1475.724 | N290: 1467.463 | O290: 11344.338 | P290: 141.028 | Q290: 233221.06
A291: 44750 | B291: 44764 | C291: 44777 | D291: =+SUM(E291:Q291) -> 2725817.9 | E291: 630286.36 | F291: 401933.63 | G291: 811436.14 | H291: 320062.39 | I291: 29511.685 | J291: 31643.321 | K291: 243152.48 | L291: 10543.572 | M291: 1503.544 | N291: 1477.387 | O291: 10815.673 | P291: 230.702 | Q291: 233221.06
A292: 44764 | B292: 44778 | C292: 44791 | D292: =+SUM(E292:Q292) -> 2714953.2 | E292: 596994.29 | F292: 424587.53 | G292: 840961.66 | H292: 325856.04 | I292: 29562.869 | J292: 31840.121 | K292: 238049.12 | L292: 10703.412 | M292: 1505.772 | N292: 1477.387 | O292: 10815.71 | P292: 138.42 | Q292: 202460.86
A293: 44778 | B293: 44792 | C293: 44805 | D293: =+SUM(E293:Q293) -> 2810025.5 | E293: 630855.99 | F293: 425145.79 | G293: 873011.41 | H293: 343526.99 | I293: 30936.783 | J293: 31535.684 | K293: 247297.74 | L293: 10934.628 | M293: 1625.633 | N293: 1490.69 | O293: 11035.743 | P293: 167.541 | Q293: 202460.86
A294: 44792 | B294: 44806 | C294: 44819 | D294: =+SUM(E294:Q294) -> 2980931.5 | E294: 657585.48 | F294: 457221.41 | G294: 916414.11 | H294: 354970.26 | I294: 35191.648 | J294: 32018.683 | K294: 253579.05 | L294: 11595.197 | M294: 1645.641 | N294: 1489.886 | O294: 10722.777 | P294: 237.307 | Q294: 248260.08
A295: 44806 | B295: 44820 | C295: 44833 | D295: =+SUM(E295:Q295) -> 2999792 | E295: 655452.38 | F295: 449923.76 | G295: 925100 | H295: 359693.54 | I295: 37847.773 | J295: 33904.672 | K295: 263720.43 | L295: 11911.322 | M295: 1667.129 | N295: 1386.986 | O295: 10722.812 | P295: 201.092 | Q295: 248260.08
A296: 44820 | B296: 44834 | C296: 44847 | D296: =+SUM(E296:Q296) -> 2950706.4 | E296: 692373.77 | F296: 459218.31 | G296: 956067.64 | H296: 360043.9 | I296: 38800.847 | J296: 34543.708 | K296: 264268.46 | L296: 13354.715 | M296: 1569.268 | N296: 1386.986 | O296: 10722.846 | P296: 119.3 | Q296: 118236.7
A297: 44834 | B297: 44848 | C297: 44861 | D297: =+SUM(E297:Q297) -> 2950205 | E297: 685069.94 | F297: 440223.69 | G297: 994556.15 | H297: 348529.13 | I297: 39646.736 | J297: 34348.12 | K297: 261411.89 | L297: 14347.182 | M297: 1542.524 | N297: 1385.513 | O297: 10722.882 | P297: 184.563 | Q297: 118236.7
... A363: 45758 | B363: 45772 | C363: 45785 | D363: =+SUM(E363:Q363) -> 13156716 | E363: 1818198.8 | F363: 2100625.7 | G363: 5436306.1 | H363: 1997614.1 | I363: 355877.65 | J363: 241913 | K363: 1071439.4 | L363: 105794.26 | M363: 9908.207 | N363: 5915.983 | O363: 3099.086 | P363: 3649.697 | Q363: 6374.126
A365: Not: | B365: 06.12.2013 yükümlülük tarihinden itibaren finansman şirketleri zorunlu karşılık kapsamına alınmıştır.
B366: 17.01.2014 yükümlülük tarihinden itibaren 2013/15 sayılı ZK Tebliği yürürlüğe girmiş ve zorunlu karşılığa tabi yükümlülüklerin kapsamı sadeleştirilmiştir.
B367: 13.02.2015 yükümlülük tarihinden itibaren diğer yükümlülüklere yeni vade dilimleri eklenmiştir.
B368: 12.02.2016 yükümlülük tarihinden itibaren yurt dışı bankalar mevduatı/katılım fonunun diğer yükümlülükler içinde izlenmesine ve müstakrizlerin fonlarının zorunlu karşılık kapsamına dâhil edilmesine karar verilmiştir.
B369: 11.01.2019 yükümlülük tarihinden itibaren resmi kuruluşlar mevduat/katılım fonları zorunlu karşılık kapsamı dışına çıkartılmıştır.
B370: 03.05.2019 yükümlülük tarihinden itibaren Kamu Haznedarlığı Yönetmeliği kapsamındaki kurumların resmî kuruluş olarak değerlendirilmesine ve bu kurumlara ait mevduat/katılım fonlarının zorunlu karşılıklar kapsamına dahil edilmemesine karar verilmiştir.
B371: 14.06.2019 yükümlülük tarihinden itibaren finansman şirketlerinin zorunlu karşılık oranları yüzde 0'a düşürülmüş, 27.05.2022 yükümlülük tarihinden itibaren bankalar ile aynı seviyeye getirilmiştir.
B372: Kalkınma ve yatırım bankalarınca 1 yıldan uzun vadeli ihraç edilen menkul kıymetler, 20.01.2023 yükümlülük tarihinden itibaren 2 yıla kadar (2 yıl dahil) vadeli mevduat dışı yükümlülüklere dahil edilmiştir.
B373: Merkez Bankasınca kur/fiyat desteği sağlanan hesaplar, 21.07.2023 yükümlülük tarihinden itibaren zorunlu karşılık kapsamına dâhil edilmiştir.

Sheet YPZK Kal
A1: Zorunlu Karşılığa Tabi Yabancı Para Kalemler (milyon TL)
A2: Yükümlülük Tarihi | B2: Tesis Başlangıç Tarihi | C2: Tesis Bitiş Tarihi | D2: Toplam | E2: Vadesiz mevduat ve özel cari hesap | F2: 1 aya kadar (1 ay dahil) vadeli mevduat /katılma hesabı | G2: 3 aya kadar (3 ay dahil) vadeli mevduat /katılma hesabı | H2: 6 aya kadar (6 ay dahil) vadeli mevduat /katılma hesabı | I2: 1 yıla kadar vadeli mevduat /katılma hesabı | J2: 1 yıl ve daha uzun vadeli mevduat /katılma hesabı | K2: 1 yıla kadar (1 yıl dahil) vadeli mevduat dışı yük. | L2: 3 yıla kadar (3 yıl dahil) vadeli mevduat dışı yük. | M2: 3 yıldan uzun vadeli mevduat dışı yük.
A3: 40802 | B3: 40816 | C3: 40829 | D3: =SUM(E3:P3) -> 324199.99 | E3: 36409.796 | F3: 41294.269 | G3: 95783.475 | H3: 14356.369 | I3: 5489.193 | J3: 18738.226 | K3: 64039.155 | L3: 12049.312 | M3: 36040.195
A4: 40816 | B4: 40830 | C4: 40843 | D4: =SUM(E4:P4) -> 332706.16 | E4: 37269.057 | F4: 39105.043 | G4: 99615.218 | H4: 14151.408 | I4: 5693.34 | J4: 19615.767 | K4: 67465.424 | L4: 12282.651 | M4: 37508.255
A5: 40830 | B5: 40844 | C5: 40857 | D5: =SUM(E5:P5) -> 348276.28 | E5: 49902.045 | F5: 40396.509 | G5: 102615.58 | H5: 14203.79 | I5: 5509.397 | J5: 19725.2 | K5: 63982.646 | L5: 14123.682 | M5: 37817.431
A6: 40844 | B6: 40858 | C6: 40871 | D6: =SUM(E6:P6) -> 341643.06 | E6: 50073.361 | F6: 41376.14 | G6: 100227.06 | H6: 13725.366 | I6: 5351.383 | J6: 17630.743 | K6: 63993.688 | L6: 13211.841 | M6: 36053.485
A7: 40858 | B7: 40872 | C7: 40885 | D7: =SUM(E7:P7) -> 351150.42 | E7: 49649.367 | F7: 42093.036 | G7: 103261.15 | H7: 13580.723 | I7: 5255.49 | J7: 17564.176 | K7: 68834.466 | L7: 13427.111 | M7: 37484.909
A8: 40872 | B8: 40886 | C8: 40899 | D8: =SUM(E8:P8) -> 359948.2 | E8: 48529.292 | F8: 39887.499 | G8: 108750.51 | H8: 14288.066 | I8: 5472.627 | J8: 18177.044 | K8: 72553.48 | L8: 13613.327 | M8: 38676.365
A9: 40886 | B9: 40900 | C9: 40913 | D9: =SUM(E9:P9) -> 351713.46 | E9: 48681.692 | F9: 43924.642 | G9: 103856.2 | H9: 14026.117 | I9: 5302.258 | J9: 17891.914 | K9: 65600.836 | L9: 14083.224 | M9: 38346.573
A10: 40900 | B10: 40914 | C10: 40927 | D10: =SUM(E10:P10) -> 362373.91 | E10: 50167.573 | F10: 48282.803 | G10: 104161.48 | H10: 14511.141 | I10: 5350.764 | J10: 18265.036 | K10: 67528.693 | L10: 14685.903 | M10: 39420.51
A11: 40914 | B11: 40928 | C11: 40941 | D11: =SUM(E11:P11) -> 358736.53 | E11: 50726.188 | F11: 45254.478 | G11: 105807.19 | H11: 14678.684 | I11: 5201.342 | J11: 18322.818 | K11: 64699.407 | L11: 14431.579 | M11: 39614.85
A12: 40928 | B12: 40942 | C12: 40955 | D12: =SUM(E12:P12) -> 352521.3 | E12: 50616.727 | F12: 41782.069 | G12: 106916.98 | H12: 14192.43 | I12: 5237.719 | J12: 17791.444 | K12: 63252.742 | L12: 14339.555 | M12: 38391.628
A13: 40942 | B13: 40956 | C13: 40969 | D13: =SUM(E13:P13) -> 347211.3 | E13: 49964.781 | F13: 40890.311 | G13: 103827.21 | H13: 15992.894 | I13: 5560.048 | J13: 17206.112 | K13: 63212.609 | L13: 13451.162 | M13: 37106.177
A14: 40956 | B14: 40970 | C14: 40983 | D14: =SUM(E14:P14) -> 351423.7 | E14: 50145.616 | F14: 40414.266 | G14: 107763.95 | H14: 15833.914 | I14: 5607.596 | J14: 17513.001 | K14: 63397.753 | L14: 14128.596 | M14: 36619.006
... A91: 42034 | B91: 42048 | C91: 42061 | D91: =SUM(E91:P91) -> 677222.39 | E91: 81068.892 | F91: 57271.869 | G91: 195652.73 | H91: 19511.115 | I91: 10695.61 | J91: 28186.948 | K91: 148472.13 | L91: 24998.157 | M91: 111364.94
A93: Yükümlülük Tarihi | B93: Tesis Başlangıç Tarihi | C93: Tesis Bitiş Tarihi | D93: Toplam | E93: Vadesiz mevduat ve özel cari hesap | F93: 1 aya kadar (1 ay dahil) vadeli mevduat /katılma hesabı | G93: 3 aya kadar (3 ay dahil) vadeli mevduat /katılma hesabı | H93: 6 aya kadar (6 ay dahil) vadeli mevduat /katılma hesabı | I93: 1 yıla kadar vadeli mevduat /katılma hesabı | J93: 1 yıl ve daha uzun vadeli mevduat /katılma hesabı | K93: 1 yıla kadar (1 yıl dahil) vadeli mevduat dışı yük. | L93: 2 yıla kadar (2 yıl dahil) vadeli mevduat dışı yük. | M93: 3 yıla kadar (3 yıl dahil) vadeli mevduat dışı yük. | N93: 5 yıla kadar (5 yıl dahil) vadeli mevduat dışı yük. | O93: 5 yıldan uzun vadeli mevduat dışı yük.
A94: 42048 | B94: 42062 | C94: 42075 | D94: =SUM(E94:P94) -> 706031.94 | E94: 79663.313 | F94: 59195.442 | G94: 212048.24 | H94: 20351.626 | I94: 11089.308 | J94: 29124.055 | K94: 149679.05 | L94: 18366.336 | M94: 8009.61 | N94: 20035.179 | O94: 98469.779
A95: 42062 | B95: 42076 | C95: 42089 | D95: =SUM(E95:P95) -> 711008.67 | E95: 78662.024 | F95: 60834.429 | G95: 215382.47 | H95: 20507.031 | I95: 11871.662 | J95: 29180.351 | K95: 148847.65 | L95: 19262.508 | M95: 8348.682 | N95: 19688.848 | O95: 98423.02
A96: 42076 | B96: 42090 | C96: 42103 | D96: =SUM(E96:P96) -> 733418.08 | E96: 81024.408 | F96: 62926.303 | G96: 220651.42 | H96: 23781.344 | I96: 12376.562 | J96: 29031.639 | K96: 150441.26 | L96: 20709.665 | M96: 9010.585 | N96: 19975.482 | O96: 103489.41
A97: 42090 | B97: 42104 | C97: 42117 | D97: =SUM(E97:P97) -> 751737.48 | E97: 86886.245 | F97: 68909.585 | G97: 222265.1 | H97: 24952.492 | I97: 12882.933 | J97: 29956.138 | K97: 147791.92 | L97: 24375.277 | M97: 9270.81 | N97: 20174.291 | O97: 104272.7
A98: 42104 | B98: 42118 | C98: 42131 | D98: =SUM(E98:P98) -> 750225.1 | E98: 83669.491 | F98: 69426.303 | G98: 223766.46 | H98: 24402.767 | I98: 12525.196 | J98: 29335.775 | K98: 142274.79 | L98: 29050.121 | M98: 10177.416 | N98: 21383.91 | O98: 104212.88
A99: 42118 | B99: 42132 | C99: 42145 | D99: =SUM(E99:P99) -> 778178.97 | E99: 86807.878 | F99: 68042.464 | G99: 233129.33 | H99: 25771.773 | I99: 13048.216 | J99: 30305.881 | K99: 143658.52 | L99: 33330.298 | M99: 12559.561 | N99: 24280.627 | O99: 107244.42
A100: 42132 | B100: 42146 | C100: 42159 | D100: =SUM(E100:P100) -> 802679.72 | E100: 90946.424 | F100: 75865.124 | G100: 239047.39 | H100: 27334.215 | I100: 13806.081 | J100: 31094.213 | K100: 139654.79 | L100: 38655.028 | M100: 12722.767 | N100: 24697.883 | O100: 108855.81
A101: 42146 | B101: 42160 | C101: 42173 | D101: =SUM(E101:P101) -> 775226.87 | E101: 90912.364 | F101: 73046.431 | G101: 232079.62 | H101: 25840.624 | I101: 13253.922 | J101: 28488.669 | K101: 128237.79 | L101: 45047.351 | M101: 12170.977 | N101: 21281.214 | O101: 104867.9
A102: 42160 | B102: 42174 | C102: 42187 | D102: =SUM(E102:P102) -> 818698.17 | E102: 98636.749 | F102: 77891.039 | G102: 249877.27 | H102: 28808.222 | I102: 15125.473 | J102: 31480.88 | K102: 125829.55 | L102: 46872.796 | M102: 13271.158 | N102: 22452.969 | O102: 108452.06
A103: 42174 | B103: 42188 | C103: 42201 | D103: =SUM(E103:P103) -> 845013.77 | E103: 102514.55 | F103: 85616.435 | G103: 254316.51 | H103: 32149.464 | I103: 16405.138 | J103: 31701.05 | K103: 129357.43 | L103: 48440.76 | M103: 13359.128 | N103: 21628.192 | O103: 109525.1
A104: 42188 | B104: 42205 | C104: 42215 | D104: =SUM(E104:P104) -> 836376.51 | E104: 100617.63 | F104: 83487.607 | G104: 252879.09 | H104: 34683.127 | I104: 18843.644 | J104: 31274.608 | K104: 122729.96 | L104: 49130.008 | M104: 13874.594 | N104: 21201.192 | O104: 107655.04
A105: 42205 | B105: 42216 | C105: 42229 | D105: =SUM(E105:P105) -> 828375.23 | E105: 101051.85 | F105: 82022.139 | G105: 248312.51 | H105: 36662.795 | I105: 18887.403 | J105: 31212.957 | K105: 118128.6 | L105: 50620.875 | M105: 13551.797 | N105: 21311.826 | O105: 106612.48
... A119: 42398 | B119: 42412 | C119: 42425 | D119: =SUM(E119:P119) -> 908334.18 | E119: 108111.23 | F119: 80107.897 | G119: 276652.22 | H119: 32849.751 | I119: 23534.417 | J119: 45991.422 | K119: 83366.346 | L119: 89554.805 | M119: 18135.939 | N119: 29399.169 | O119: 120630.97
A121: Yükümlülük Tarihi | B121: Tesis Başlangıç Tarihi | C121: Tesis Bitiş Tarihi | D121: Toplam | E121: Vadesiz mevduat ve özel cari hesap | F121: 1 aya kadar (1 ay dahil) vadeli mevduat /katılma hesabı | G121: 3 aya kadar (3 ay dahil) vadeli mevduat /katılma hesabı | H121: 6 aya kadar (6 ay dahil) vadeli mevduat /katılma hesabı | I121: 1 yıla kadar vadeli mevduat /katılma hesabı | J121: 1 yıl ve daha uzun vadeli mevduat /katılma hesabı | K121: 1 yıla kadar (1 yıl dahil) vadeli mevduat dışı yük. | L121: 2 yıla kadar (2 yıl dahil) vadeli mevduat dışı yük. | M121: 3 yıla kadar (3 yıl dahil) vadeli mevduat dışı yük. | N121: 5 yıla kadar (5 yıl dahil) vadeli mevduat dışı yük. | O121: 5 yıldan uzun vadeli mevduat dışı yük. | P121: Müstakrizlerin Fonları
A122: 42412 | B122: 42426 | C122: 42439 | D122: =SUM(E122:P122) -> 912426.7 | E122: 101874.05 | F122: 76038.163 | G122: 267827.07 | H122: 27465.66 | I122: 19693.566 | J122: 42033.684 | K122: 117170.3 | L122: 94825.717 | M122: 18542.639 | N122: 29333.932 | O122: 117440.4 | P122: 181.531
A123: 42426 | B123: 42440 | C123: 42453 | D123: =SUM(E123:P123) -> 912015.51 | E123: 104512.29 | F123: 73589.579 | G123: 268263.58 | H123: 26972.276 | I123: 18976.476 | J123: 42558.843 | K123: 117788.15 | L123: 94127.368 | M123: 18861.461 | N123: 28964.804 | O123: 117242.4 | P123: 158.272
A124: 42440 | B124: 42454 | C124: 42467 | D124: =SUM(E124:P124) -> 901848.06 | E124: 108187.17 | F124: 73275.735 | G124: 264658.79 | H124: 26293.319 | I124: 18232.29 | J124: 41612.422 | K124: 113584.18 | L124: 92569.476 | M124: 18541.052 | N124: 28521.966 | O124: 116199.03 | P124: 172.627
A125: 42454 | B125: 42468 | C125: 42481 | D125: =SUM(E125:P125) -> 912810.66 | E125: 109417.6 | F125: 73529.206 | G125: 272670.78 | H125: 27711.85 | I125: 18818.186 | J125: 42593.966 | K125: 110915.98 | L125: 93230.104 | M125: 19345.6 | N125: 28500.785 | O125: 115912.55 | P125: 164.058
A126: 42468 | B126: 42482 | C126: 42495 | D126: =SUM(E126:P126) -> 912602.42 | E126: 106776.51 | F126: 72802.196 | G126: 271964.09 | H126: 28791.693 | I126: 19346.008 | J126: 42993.924 | K126: 108701.5 | L126: 92625.862 | M126: 18704.784 | N126: 28255.075 | O126: 121450.33 | P126: 190.453
A127: 42482 | B127: 42496 | C127: 42509 | D127: =SUM(E127:P127) -> 907583.73 | E127: 108006.95 | F127: 77593.405 | G127: 268150.48 | H127: 29561.959 | I127: 19686.652 | J127: 43349.298 | K127: 108675.04 | L127: 87166.35 | M127: 18446.266 | N127: 27932.684 | O127: 118837.49 | P127: 177.158
A128: 42496 | B128: 42510 | C128: 42523 | D128: =SUM(E128:P128) -> 939054.77 | E128: 106606.4 | F128: 73796.017 | G128: 279572.59 | H128: 31017.621 | I128: 21006.197 | J128: 45218.443 | K128: 113144.6 | L128: 93730.673 | M128: 19482.975 | N128: 28982.875 | O128: 126296.26 | P128: 200.119
A129: 42510 | B129: 42524 | C129: 42537 | D129: =SUM(E129:P129) -> 948560.86 | E129: 104111.9 | F129: 75139.538 | G129: 278873.66 | H129: 33172.64 | I129: 20678.291 | J129: 45825.269 | K129: 117543.49 | L129: 95395.012 | M129: 19001.879 | N129: 29599.717 | O129: 129031.36 | P129: 188.104
A130: 42524 | B130: 42538 | C130: 42551 | D130: =SUM(E130:P130) -> 936742.29 | E130: 103083.77 | F130: 76348.561 | G130: 272272.65 | H130: 33490.351 | I130: 22910.008 | J130: 44648.326 | K130: 116393.63 | L130: 92327.439 | M130: 18875.428 | N130: 29179.046 | O130: 127033.1 | P130: 179.976
A131: 42538 | B131: 42552 | C131: 42565 | D131: =SUM(E131:P131) -> 935852.4 | E131: 104137.16 | F131: 77413.197 | G131: 270658.66 | H131: 33729.399 | I131: 23717.115 | J131: 45289.299 | K131: 115315.1 | L131: 91620.561 | M131: 18939.058 | N131: 28964.753 | O131: 125890.73 | P131: 177.359
A132: 42552 | B132: 42566 | C132: 42579 | D132: =SUM(E132:P132) -> 919743.53 | E132: 105400.82 | F132: 71070.81 | G132: 262755.54 | H132: 34960.733 | I132: 22897.982 | J132: 45324.621 | K132: 111420.08 | L132: 91222.104 | M132: 19624.175 | N132: 30179.403 | O132: 124687.06 | P132: 200.209
A133: 42566 | B133: 42580 | C133: 42593 | D133: =SUM(E133:P133) -> 920334.01 | E133: 106823.7 | F133: 75465.203 | G133: 260049.48 | H133: 34360.246 | I133: 23018.28 | J133: 45407.932 | K133: 111018.24 | L133: 89751.876 | M133: 19662.902 | N133: 30005.448 | O133: 124579.48 | P133: 191.226
... A339: 45450 | B339: 45464 | C339: 45477 | D339: =SUM(E339:P339) -> 9367233 | E339: 3886805.1 | F339: 466560.3 | G339: 1192367.5 | H339: 151133.92 | I339: 99799.804 | J339: 168179.49 | K339: 1242356.5 | L339: 983212.72 | M339: 188575.49 | N339: 234932.51 | O339: 749337.69 | P339: 3971.932
A341: Yükümlülük Tarihi | B341: Tesis Başlangıç Tarihi | C341: Tesis Bitiş Tarihi | D341: Toplam | E341: Vadesiz mevduat ve özel cari hesap | F341: 1 aya kadar (1 ay dahil) vadeli mevduat /katılma hesabı | G341: 3 aya kadar (3 ay dahil) vadeli mevduat /katılma hesabı | H341: 6 aya kadar (6 ay dahil) vadeli mevduat /katılma hesabı | I341: 1 yıla kadar vadeli mevduat /katılma hesabı | J341: 1 yıl ve daha uzun vadeli mevduat /katılma hesabı | K341: 1 yıla kadar (1 yıl dahil) vadeli mevduat dışı yük. | L341: 2 yıla kadar (2 yıl dahil) vadeli mevduat dışı yük. | M341: 3 yıla kadar (3 yıl dahil) vadeli mevduat dışı yük. | N341: 5 yıla kadar (5 yıl dahil) vadeli mevduat dışı yük. | O341: 5 yıldan uzun vadeli mevduat dışı yük. | P341: Müstakrizlerin Fonları | Q341: Zorunlu karşılığa tabi varlıklar
A342: 45464 | B342: 45478 | C342: 45491 | D342: =SUM(E342:Q342) -> 9477224.6 | E342: 3930091.2 | F342: 476742.87 | G342: 1189405.4 | H342: 151146.2 | I342: 98272.946 | J342: 168297.74 | K342: 1236007 | L342: 1024723.4 | M342: 187565.84 | N342: 235681.81 | O342: 775148.07 | P342: 3689.39 | Q342: 452.684
A343: 45478 | B343: 45492 | C343: 45505 | D343: =SUM(E343:Q343) -> 9400816.4 | E343: 3822702.6 | F343: 460118.24 | G343: 1196677.3 | H343: 159111.42 | I343: 99830.992 | J343: 169038.68 | K343: 1235005.2 | L343: 1054064.1 | M343: 187491.91 | N343: 234806.29 | O343: 778416.96 | P343: 3100.047 | Q343: 452.684
A344: 45492 | B344: 45506 | C344: 45519 | D344: =SUM(E344:Q344) -> 9670292.6 | E344: 3969280.5 | F344: 450528.68 | G344: 1228972.3 | H344: 169580.53 | I344: 103096.19 | J344: 173330.74 | K344: 1258190.7 | L344: 1091452.4 | M344: 191462.1 | N344: 239734.18 | O344: 790520.34 | P344: 3691.254 | Q344: 452.684
A345: 45506 | B345: 45520 | C345: 45533 | D345: =SUM(E345:Q345) -> 9702412.1 | E345: 3972016.9 | F345: 470115.18 | G345: 1218922.3 | H345: 175111.49 | I345: 105161.97 | J345: 172972.26 | K345: 1253845.2 | L345: 1104863 | M345: 191849.11 | N345: 239127.85 | O345: 794162.31 | P345: 3811.867 | Q345: 452.684
A346: 45520 | B346: 45537 | C346: 45547 | D346: =SUM(E346:Q346) -> 10010584 | E346: 4114736.3 | F346: 487143.96 | G346: 1270361 | H346: 183695.8 | I346: 113053.18 | J346: 179231.62 | K346: 1279227.8 | L346: 1135789.3 | M346: 196314.58 | N346: 242819.74 | O346: 803603.65 | P346: 3817.106 | Q346: 789.953
A347: 45533 | B347: 45548 | C347: 45561 | D347: =SUM(E347:Q347) -> 10294797 | E347: 4278143.8 | F347: 490096.26 | G347: 1291198.9 | H347: 186953.47 | I347: 117828.26 | J347: 184438.95 | K347: 1319023.7 | L347: 1163112.5 | M347: 199419.27 | N347: 247072.39 | O347: 812850.9 | P347: 3868.617 | Q347: 789.953
A348: 45548 | B348: 45562 | C348: 45575 | D348: =SUM(E348:Q348) -> 10205747 | E348: 4272122.4 | F348: 494817.08 | G348: 1208623.1 | H348: 177948.68 | I348: 117931.62 | J348: 181356.15 | K348: 1334140.2 | L348: 1168586.4 | M348: 199810.22 | N348: 248832.61 | O348: 797875.04 | P348: 2914.061 | Q348: 789.953
A349: 45562 | B349: 45576 | C349: 45589 | D349: =SUM(E349:Q349) -> 10406193 | E349: 4368003.5 | F349: 509725.02 | G349: 1185387.9 | H349: 177368.73 | I349: 122332.34 | J349: 183941.68 | K349: 1402043.7 | L349: 1184111.6 | M349: 201053.23 | N349: 248262.56 | O349: 821817.14 | P349: 1355.282 | Q349: 789.953
A350: 45576 | B350: 45590 | C350: 45603 | D350: =SUM(E350:Q350) -> 10259210 | E350: 4309429.4 | F350: 490896.04 | G350: 1140561.4 | H350: 172194.4 | I350: 121956.48 | J350: 179097.33 | K350: 1379953 | L350: 1176420.6 | M350: 200365.23 | N350: 247455.42 | O350: 838388.62 | P350: 1701.622 | Q350: 789.953
A351: 45590 | B351: 45604 | C351: 45617 | D351: =SUM(E351:Q351) -> 10329434 | E351: 4359328.8 | F351: 460176.5 | G351: 1174624.5 | H351: 167421.58 | I351: 124303.11 | J351: 174460 | K351: 1412651.3 | L351: 1167896.2 | M351: 199918.59 | N351: 251716.83 | O351: 833789.61 | P351: 2356.595 | Q351: 789.953
A352: 45604 | B352: 45618 | C352: 45631 | D352: =SUM(E352:Q352) -> 10241315 | E352: 4322219.8 | F352: 441378.62 | G352: 1176564.4 | H352: 164446.99 | I352: 121166.88 | J352: 173913.8 | K352: 1397438.8 | L352: 1172224.9 | M352: 191318.61 | N352: 243836.19 | O352: 834426.74 | P352: 1589.523 | Q352: 789.953
A353: 45618 | B353: 45632 | C353: 45645 | D353: =SUM(E353:Q353) -> 10300876 | E353: 4377984.5 | F353: 429616.56 | G353: 1163709.3 | H353: 159020.73 | I353: 124233.53 | J353: 170655.53 | K353: 1391259.2 | L353: 1182025.8 | M353: 216798.53 | N353: 244549.88 | O353: 837967.93 | P353: 2264.726 | Q353: 789.953
... A363: 45758 | B363: 45772 | C363: 45785 | D363: =SUM(E363:Q363) -> 12752851 | E363: 5192271.5 | F363: 573220.14 | G363: 1602299.5 | H363: 241335.24 | I363: 147268.32 | J363: 196052.65 | K363: 1455492.5 | L363: 1738559.9 | M363: 284683.13 | N363: 342523.68 | O363: 974591.37 | P363: 3237.304 | Q363: 1315.407
A365: Not: | B365: 14.10.2011 tarihinden itibaren kıymetli maden depo hesapları zorunlu karşılığa tabi hale geldiğinden DTH verisinde kırılma görülmektedir.
B366: 17.01.2014 yükümlülük tarihinden itibaren 2013/15 sayılı ZK Tebliği yürürlüğe girmiş ve zorunlu karşılığa tabi yükümlülüklerin kapsamı sadeleştirilmiştir.
B367: 13.02.2015 yükümlülük tarihinden itibaren diğer yükümlülüklere yeni vade dilimleri eklenmiştir.
B368: 06.12.2013 yükümlülük tarihinden itibaren finansman şirketleri zorunlu karşılık kapsamına alınmıştır.
B369: 12.02.2016 yükümlülük tarihinden itibaren yurt dışı bankalar mevduatı/katılım fonunun diğer yükümlülükler içinde izlenmesine, müstakrizlerin fonlarının zorunlu karşılık kapsamına dâhil edilmesine karar verilmiştir.
B370: 11.01.2019 yükümlülük tarihinden itibaren resmi kuruluşlar mevduat/katılım fonları zorunlu karşılık kapsamı dışına çıkartılmıştır.
B371: 03.05.2019 yükümlülük tarihinden itibaren Kamu Haznedarlığı Yönetmeliği kapsamındaki kurumların resmî kuruluş olarak değerlendirilmesine ve bu kurumlara ait mevduat/katılım fonlarının zorunlu karşılıklar kapsamına dahil edilmemesine karar verilmiştir.
B372: 14.06.2019 yükümlülük tarihinden itibaren finansman şirketleri için yüzde 0'a düşürülmüş olan zorunlu karşılık oranlarının 27.05.2022 yükümlülük tarihinden 23.12.2022 (dahil) yükümlülük tarihine kadar %3 olarak uygulanmasına karar verilmiştir.

Sheet TLZK Tesis
A1: Türk Lirası Kalemler İçin Tesis Edilen Zorunlu Karşılıklar (milyon)
A2: Yükümlülük Tarihi | B2: Tesis Başlangıç Tarihi | C2: Tesis Bitiş Tarihi | D2: Tesis Edilmesi Gereken Toplam (TL) | E2: Türk Lirası Tesis Edilen | F2: Döviz Tesis Edilen (ABD doları karşılığı) | G2: Standart Altın Tesis Edilen (ABD doları karşılığı) | H2: Hurda Altın Tesis Edilen (ABD doları karşılığı)
A3: 40802 | B3: 40816 | C3: 40829 | D3: 68183.596 | E3: 62297.176 | F3: 3030.6682
A4: 40816 | B4: 40830 | C4: 40843 | D4: 65633.998 | E4: 57034.873 | F4: 4914.144
A5: 40830 | B5: 40844 | C5: 40857 | D5: 65570.188 | E5: 53128.519 | F5: 6487.1534
A6: 40844 | B6: 40858 | C6: 40871 | D6: 53493.341 | E6: 33675.334 | F6: 10258.877 | G6: 1341.7002
A7: 40858 | B7: 40872 | C7: 40885 | D7: 53902.942 | E7: 31485.571 | F7: 10526.874 | G7: 1797.9063
A8: 40872 | B8: 40886 | C8: 40899 | D8: 54167.856 | E8: 32587.755 | F8: 10428.776 | G8: 1912.2736
A9: 40886 | B9: 40900 | C9: 40913 | D9: 53808.128 | E9: 28562.579 | F9: 10621.052 | G9: 2527.4951
A10: 40900 | B10: 40914 | C10: 40927 | D10: 54387.218 | E10: 31305.465 | F10: 10384.675 | G10: 2438.0563
A11: 40914 | B11: 40928 | C11: 40941 | D11: 53831.677 | E11: 29433.92 | F11: 10319.658 | G11: 2421.0344
A12: 40928 | B12: 40942 | C12: 40955 | D12: 54093.487 | E12: 31122.518 | F12: 10580.036 | G12: 2478.315
A13: 40942 | B13: 40956 | C13: 40969 | D13: 53695.841 | E13: 28899.656 | F13: 11017.672 | G13: 2615.9609
A14: 40956 | B14: 40970 | C14: 40983 | D14: 54784.342 | E14: 30773.01 | F14: 11057.267 | G14: 2632.345
A15: 40970 | B15: 40984 | C15: 40997 | D15: 53694.279 | E15: 29162.534 | F15: 11129.877 | G15: 2691.4273
A16: 40984 | B16: 40998 | C16: 41011 | D16: 54759.297 | E16: 30854.977 | F16: 10911.254 | G16: 2702.3076
A17: 40998 | B17: 41012 | C17: 41025 | D17: 55111.467 | E17: 25822.725 | F17: 11170.174 | G17: 5601.8135
... A136: 42664 | B136: 42678 | C136: 42691 | D136: 93767.562 | E136: 33700.23 | F136: 17274.363 | G136: 11487.998
A137: 42678 | B137: 42692 | C137: 42705 | D137: 93848.46 | E137: 35254.242 | F137: 15697.965 | G137: 11379.611 | H137: 2.7705718
A138: 42692 | B138: 42706 | C138: 42719 | D138: 94965.725 | E138: 33662.401 | F138: 15786.19 | G138: 10575.694 | H138: 16.93609
A139: 42706 | B139: 42720 | C139: 42733 | D139: 93181.452 | E139: 32619.891 | F139: 15723.946 | G139: 9571.4208 | H139: 25.330186
A140: 42720 | B140: 42734 | C140: 42747 | D140: 94544.846 | E140: 35382.534 | F140: 15343.888 | G140: 8988.2238 | H140: 31.828233
A141: 42734 | B141: 42748 | C141: 42761 | D141: 94976.618 | E141: 28242.788 | F141: 16534.649 | G141: 10388.482 | H141: 41.40399
A142: 42748 | B142: 42762 | C142: 42775 | D142: 96014.989 | E142: 28424.187 | F142: 16251.184 | G142: 10689.12 | H142: 49.837143
A143: 42762 | B143: 42776 | C143: 42789 | D143: 95812.981 | E143: 24531.39 | F143: 17046.828 | G143: 11110.771 | H143: 58.827925
A144: 42776 | B144: 42790 | C144: 42803 | D144: 92621.197 | E144: 25119.92 | F144: 17371.105 | G144: 11059.801 | H144: 65.778909
A145: 42790 | B145: 42804 | C145: 42817 | D145: 92485.671 | E145: 20888.161 | F145: 19040.809 | G145: 11454.799 | H145: 72.674987
A146: 42804 | B146: 42818 | C146: 42831 | D146: 93149.672 | E146: 22414.976 | F146: 18674.413 | G146: 11327.636 | H146: 73.651332
A147: 42818 | B147: 42832 | C147: 42845 | D147: 94026.718 | E147: 21866.979 | F147: 18885.575 | G147: 12064.705 | H147: 81.64276
A148: 42832 | B148: 42846 | C148: 42859 | D148: 95275.988 | E148: 21808.35 | F148: 18388.114 | G148: 12338.466 | H148: 86.883466
... A357: 45758 | B357: 45772 | C357: 45785 | D357: 2137705.6 | E357: 2151359.6 | F357: 0 | G357: 0 | H357: 0

Sheet YPZK Tesis
A1: Yabancı Para Kalemler İçin Tesis Edilen Zorunlu Karşılıklar (milyon)
A2: Yükümlülük Tarihi | B2: Tesis Başlangıç Tarihi | C2: Tesis Bitiş Tarihi | D2: Yabancı Para Cinsinden Tesis Edilmesi Gereken Toplam (TL karşılığı) | E2: Döviz Tesis Edilen (ABD doları karşılığı) | F2: Altın Tesis Edilen (ABD doları karşılığı) | G2: Türk Lirası Cinsinden Tesis Edilmesi Gereken (TL karşılığı) | H2: Türk Lirası Cinsinden Tesis Edilen (TL karşılığı)
A3: 40802 | B3: 40816 | C3: 40829 | D3: 35584.279 | E3: 20103.951
A4: 40816 | B4: 40830 | C4: 40843 | D4: 34082.564 | E4: 18615.49
A5: 40830 | B5: 40844 | C5: 40857 | D5: 35740.836 | E5: 19087.872 | F5: 1173.128
A6: 40844 | B6: 40858 | C6: 40871 | D6: 35159.577 | E6: 18776.983 | F6: 1561.4969
A7: 40858 | B7: 40872 | C7: 40885 | D7: 36132.476 | E7: 18700.102 | F7: 1784.5376
A8: 40872 | B8: 40886 | C8: 40899 | D8: 37023.011 | E8: 18269.976 | F8: 1740.744
A9: 40886 | B9: 40900 | C9: 40913 | D9: 36130.042 | E9: 18046.728 | F9: 1897.5702
A10: 40900 | B10: 40914 | C10: 40927 | D10: 37229.458 | E10: 17979.222 | F10: 1898.6245
A11: 40914 | B11: 40928 | C11: 40941 | D11: 36823.841 | E11: 17795.573 | F11: 1933.2339
A12: 40928 | B12: 40942 | C12: 40955 | D12: 36213.842 | E12: 18052.49 | F12: 1924.8332
A13: 40942 | B13: 40956 | C13: 40969 | D13: 35723.501 | E13: 18536.648 | F13: 2018.0634
A14: 40956 | B14: 40970 | C14: 40983 | D14: 36191.54 | E14: 18450.353 | F14: 2122.1685
A15: 40970 | B15: 40984 | C15: 40997 | D15: 36440.304 | E15: 18827.381 | F15: 2160.207
A16: 40984 | B16: 40998 | C16: 41011 | D16: 37404.488 | E16: 18679.454 | F16: 2276.4966
... A93: 42062 | B93: 42076 | C93: 42089 | D93: 90217.921 | E93: 36441.017 | F93: 528.32922
A94: =+'TLZK Kal'!A96 -> 42076 | B94: 42090 | C94: 42103 | D94: 96027.752 | E94: 38116.58 | F94: 485.30056
A95: =+'TLZK Kal'!A97 -> 42090 | B95: 42104 | C95: 42117 | D95: 98143.731 | E95: 38230.747 | F95: 476.83381
A96: =+'TLZK Kal'!A98 -> 42104 | B96: 42118 | C96: 42131 | D96: 97451.153 | E96: 37941.565 | F96: 460.23664
A97: =+'TLZK Kal'!A99 -> 42118 | B97: 42132 | C97: 42145 | D97: 100748.51 | E97: 38056.289 | F97: 443.22025
A98: =+'TLZK Kal'!A100 -> 42132 | B98: 42146 | C98: 42159 | D98: 103529.1 | E98: 38642.307 | F98: 437.96567
A99: =+'TLZK Kal'!A101 -> 42146 | B99: 42160 | C99: 42173 | D99: 99840.889 | E99: 39118.052 | F99: 427.88404
A100: =+'TLZK Kal'!A102 -> 42160 | B100: 42174 | C100: 42187 | D100: 104845.94 | E100: 38931.322 | F100: 396.41035
A101: =+'TLZK Kal'!A103 -> 42174 | B101: 42188 | C101: 42201 | D101: 108490.77 | E101: 40002.497 | F101: 417.49524
A102: =+'TLZK Kal'!A104 -> 42188 | B102: 42205 | C102: 42215 | D102: 106256.53 | E102: 39481.841 | F102: 402.96892
A103: =+'TLZK Kal'!A105 -> 42205 | B103: 42216 | C103: 42229 | D103: 105014.54 | E103: 39890.861 | F103: 415.67568
A104: =+'TLZK Kal'!A106 -> 42216 | B104: 42230 | C104: 42243 | D104: 109470.87 | E104: 39596.36 | F104: 416.60273
A105: =+'TLZK Kal'!A107 -> 42230 | B105: 42244 | C105: 42257 | D105: 109923.47 | E105: 39498.194 | F105: 423.33734
... A117: =+'TLZK Kal'!A119 -> 42398 | B117: 42412 | C117: 42425 | D117: 116542.33 | E117: 39504.425 | F117: 351.73394
A118: =+'TLZK Kal'!A122 -> 42412 | B118: 42426 | C118: 42439 | D118: 122052.31 | E118: 41945.409 | F118: 396.20742
A119: =+'TLZK Kal'!A123 -> 42426 | B119: 42440 | C119: 42453 | D119: 122339.29 | E119: 42272.138 | F119: 369.80737
A120: =+'TLZK Kal'!A124 -> 42440 | B120: 42454 | C120: 42467 | D120: 120816.78 | E120: 42955.801 | F120: 377.23103
A121: =+'TLZK Kal'!A125 -> 42454 | B121: 42468 | C121: 42481 | D121: 122673.25 | E121: 43363.542 | F121: 380.81613
A122: =+'TLZK Kal'!A126 -> 42468 | B122: 42482 | C122: 42495 | D122: 122156.63 | E122: 43612.195 | F122: 393.83715
A123: =+'TLZK Kal'!A127 -> 42482 | B123: 42496 | C123: 42509 | D123: 121698.55 | E123: 43962.067 | F123: 391.66633
A124: =+'TLZK Kal'!A128 -> 42496 | B124: 42510 | C124: 42523 | D124: 126043.55 | E124: 44079.846 | F124: 393.42196
A125: =+'TLZK Kal'!A129 -> 42510 | B125: 42524 | C125: 42537 | D125: 128498.41 | E125: 44249.762 | F125: 388.01616
A126: =+'TLZK Kal'!A130 -> 42524 | B126: 42538 | C126: 42551 | D126: 127116.43 | E126: 44266.689 | F126: 393.68686
A127: =+'TLZK Kal'!A131 -> 42538 | B127: 42552 | C127: 42565 | D127: 127043.39 | E127: 44125.2 | F127: 391.13
A128: =+'TLZK Kal'!A132 -> 42552 | B128: 42566 | C128: 42579 | D128: 124732 | E128: 44037.86 | F128: 371.24833
A129: =+'TLZK Kal'!A133 -> 42566 | B129: 42580 | C129: 42593 | D129: 124894.69 | E129: 43573.542 | F129: 395.27428
... A185: =+'TLZK Kal'!A189 -> 43350 | B185: 43364 | C185: 43377 | D185: 230591.02 | E185: 35252.092 | F185: 553.29304
A186: 43364 | B186: 43378 | C186: 43391 | D186: 218636.33 | E186: 36275.796 | F186: 586.80977
A187: =+'TLZK Kal'!A191 -> 43378 | B187: 43392 | C187: 43405 | D187: 207101.18 | E187: 35081.406 | F187: 593.04423
A188: =+'TLZK Kal'!A192 -> 43392 | B188: 43406 | C188: 43419 | D188: 187434.65 | E188: 35593.384 | F188: 621.93754
A189: =+'TLZK Kal'!A193 -> 43406 | B189: 43420 | C189: 43433 | D189: 187718.54 | E189: 35520.199 | F189: 654.23309
A190: =+'TLZK Kal'!A194 -> 43420 | B190: 43434 | C190: 43447 | D190: 181653.83 | E190: 35182.609 | F190: 649.37665
A191: =+'TLZK Kal'!A195 -> 43434 | B191: 43448 | C191: 43461 | D191: 172272.55 | E191: 35223.087 | F191: 682.54141
A192: =+'TLZK Kal'!A196 -> 43448 | B192: 43462 | C192: 43475 | D192: 177415.95 | E192: 34733.547 | F192: 708.86744
A193: =+'TLZK Kal'!A197 -> 43462 | B193: 43476 | C193: 43489 | D193: 176247.05 | E193: 34997.846 | F193: 705.61518
A194: =+'TLZK Kal'!A198 -> 43476 | B194: 43490 | C194: 43503 | D194: 180498.68 | E194: 35206.128 | F194: 734.31601
A195: =+'TLZK Kal'!A199 -> 43490 | B195: 43504 | C195: 43517 | D195: 176111.93 | E195: 35500.835 | F195: 741.06647
A196: =+'TLZK Kal'!A200 -> 43504 | B196: 43518 | C196: 43531 | D196: 177335.29 | E196: 35690.202 | F196: 800.82528
A197: =+'TLZK Kal'!A201 -> 43518 | B197: 43532 | C197: 43545 | D197: 180180.22 | E197: 36203.318 | F197: 797.46766
A198: =+'TLZK Kal'!A202 -> 43532 | B198: 43546 | C198: 43559 | D198: 184395.5 | E198: 37442.298 | F198: 814.23891
... A202: =+'TLZK Kal'!A206 -> 43588 | B202: 43602 | C202: 43615 | D202: 224609.17 | E202: 42965.779 | F202: 887.26441
A203: 43602 | B203: 43616 | C203: 43629 | D203: 253397.72 | E203: 44359.82 | F203: 1078.8357
A204: =+'TLZK Kal'!A208 -> 43616 | B204: 43630 | C204: 43643 | D204: 249355.95 | E204: 44673.396 | F204: 1093.9169
A205: =+'TLZK Kal'!A209 -> 43630 | B205: 43644 | C205: 43657 | D205: 246670.77 | E205: 44079.885 | F205: 1120.4425
A206: =+'TLZK Kal'!A210 -> 43644 | B206: 43658 | C206: 43671 | D206: 242322.31 | E206: 44052.343 | F206: 1085.9759
A207: =+'TLZK Kal'!A211 -> 43658 | B207: 43672 | C207: 43685 | D207: 238011.03 | E207: 43847.045 | F207: 1153.1677
A208: =+'TLZK Kal'!A212 -> 43672 | B208: 43686 | C208: 43699 | D208: 252256.89 | E208: 45603.623 | F208: 1261.101
A209: =+'TLZK Kal'!A213 -> 43686 | B209: 43700 | C209: 43713 | D209: 242001.35 | E209: 45746.932 | F209: 1253.4452
A210: =+'TLZK Kal'!A214 -> 43700 | B210: 43714 | C210: 43727 | D210: 250475.47 | E210: 46182.018 | F210: 1264.9704
A211: 43714 | B211: 43728 | C211: 43741 | D211: 248543.03 | E211: 46719.835 | F211: 1384.5704
A212: 43728 | B212: 43742 | C212: 43755 | D212: 263398.49 | E212: 48432.067 | F212: 1460.1288
A213: 43742 | B213: 43756 | C213: 43769 | D213: 263931.3 | E213: 49709.593 | F213: 1531.1555
A214: 43756 | B214: 43770 | C214: 43783 | D214: 273675.13 | E214: 49679.444 | F214: 1507.4848
A215: 43770 | B215: 43784 | C215: 43797 | D215: 263576.32 | E215: 49180.076 | F215: 1655.7836
A216: 43784 | B216: 43798 | C216: 43811 | D216: 265352.76 | E216: 49170.462 | F216: 1707.0119
A217: 43798 | B217: 43812 | C217: 43825 | D217: 263904.9 | E217: 48113.702 | F217: 1828.6293
A218: 43812 | B218: 43826 | C218: 43839 | D218: 265265.1 | E218: 48610.58 | F218: 1809.2148
A219: 43826 | B219: 43840 | C219: 43853 | D219: 287898.71 | E219: 51404.197 | F219: 2048.0878
A220: =+'TLZK Tesis'!A220 -> 43840 | B220: =+'TLZK Tesis'!B220 -> 43854 | C220: =+'TLZK Tesis'!C220 -> 43867 | D220: 286797.31 | E220: 50728.763 | F220: 2198.7791
A221: =+'TLZK Tesis'!A221 -> 43854 | B221: =+'TLZK Tesis'!B221 -> 43868 | C221: =+'TLZK Tesis'!C221 -> 43881 | D221: 289216.87 | E221: 50744.379 | F221: 2263.0698
A222: =+'TLZK Tesis'!A222 -> 43868 | B222: =+'TLZK Tesis'!B222 -> 43882 | C222: =+'TLZK Tesis'!C222 -> 43895 | D222: 290371.31 | E222: 51009.512 | F222: 2395.4651
A223: =+'TLZK Tesis'!A223 -> 43882 | B223: =+'TLZK Tesis'!B223 -> 43896 | C223: =+'TLZK Tesis'!C223 -> 43909 | D223: 296409.68 | E223: 49944.926 | F223: 2542.3759
A224: =+'TLZK Tesis'!A224 -> 43896 | B224: =+'TLZK Tesis'!B224 -> 43910 | C224: =+'TLZK Tesis'!C224 -> 43923 | D224: 265290.28 | E224: 45673.523 | F224: 2283.4098
A225: =+'TLZK Tesis'!A225 -> 43910 | B225: =+'TLZK Tesis'!B225 -> 43924 | C225: =+'TLZK Tesis'!C225 -> 43937 | D225: 280904.6 | E225: 44517.07 | F225: 2409.8442
A226: =+'TLZK Tesis'!A226 -> 43924 | B226: =+'TLZK Tesis'!B226 -> 43938 | C226: =+'TLZK Tesis'!C226 -> 43954 | D226: 272924.7 | E226: 43541.595 | F226: 2227.3848
A227: =+'TLZK Tesis'!A227 -> 43938 | B227: =+'TLZK Tesis'!B227 -> 43955 | C227: =+'TLZK Tesis'!C227 -> 43965 | D227: 282940.47 | E227: 40947.979 | F227: 2642.0473
A228: =+'TLZK Tesis'!A228 -> 43951 | B228: =+'TLZK Tesis'!B228 -> 43966 | C228: =+'TLZK Tesis'!C228 -> 43979 | D228: 265697.5 | E228: 38588.682 | F228: 2489.9614
A229: =+'TLZK Tesis'!A229 -> 43966 | B229: =+'TLZK Tesis'!B229 -> 43980 | C229: =+'TLZK Tesis'!C229 -> 43993 | D229: 265747.65 | E229: 38424.981 | F229: 2498.6794
A230: =+'TLZK Tesis'!A230 -> 43980 | B230: =+'TLZK Tesis'!B230 -> 43994 | C230: =+'TLZK Tesis'!C230 -> 44007 | D230: 264263 | E230: 38364.472 | F230: 2763.3001
A231: =+'TLZK Tesis'!A231 -> 43994 | B231: =+'TLZK Tesis'!B231 -> 44008 | C231: =+'TLZK Tesis'!C231 -> 44021 | D231: 264809.07 | E231: 38040.173 | F231: 2695.8546
... A266: =+'TLZK Tesis'!A266 -> 44484 | B266: =+'TLZK Tesis'!B266 -> 44501 | C266: =+'TLZK Tesis'!C266 -> 44511 | D266: 618698.16 | E266: 65749.419 | F266: 5706.9017
A267: 44497 | B267: 44512 | C267: 44525 | D267: 685723.29 | E267: 71457.378 | F267: 3770.813
A268: =+'TLZK Tesis'!A268 -> 44512 | B268: =+'TLZK Tesis'!B268 -> 44526 | C268: =+'TLZK Tesis'!C268 -> 44539 | D268: 721920.33 | E268: 70844.376 | F268: 3811.9503
A269: =+'TLZK Tesis'!A269 -> 44526 | B269: =+'TLZK Tesis'!B269 -> 44540 | C269: =+'TLZK Tesis'!C269 -> 44553 | D269: 860808.04 | E269: 71655.883 | F269: 3804.6774
A270: =+'TLZK Tesis'!A270 -> 44540 | B270: =+'TLZK Tesis'!B270 -> 44554 | C270: =+'TLZK Tesis'!C270 -> 44567 | D270: 984842.79 | E270: 70916.681 | F270: 4996.1302
A271: =+'TLZK Tesis'!A271 -> 44554 | B271: =+'TLZK Tesis'!B271 -> 44568 | C271: =+'TLZK Tesis'!C271 -> 44581 | D271: 844184.39 | E271: 72179.658 | F271: 5396.7379
A272: =+'TLZK Tesis'!A272 -> 44568 | B272: =+'TLZK Tesis'!B272 -> 44582 | C272: =+'TLZK Tesis'!C272 -> 44595 | D272: 986618.86 | E272: 70703.908 | F272: 5366.5638
A273: =+'TLZK Tesis'!A273 -> 44582 | B273: =+'TLZK Tesis'!B273 -> 44596 | C273: =+'TLZK Tesis'!C273 -> 44609 | D273: 967096.08 | E273: 69280.594 | F273: 5344.7239
A274: =+'TLZK Tesis'!A274 -> 44596 | B274: =+'TLZK Tesis'!B274 -> 44610 | C274: =+'TLZK Tesis'!C274 -> 44623 | D274: 946558.58 | E274: 66984.25 | F274: 5174.3904
A275: =+'TLZK Tesis'!A275 -> 44610 | B275: =+'TLZK Tesis'!B275 -> 44624 | C275: =+'TLZK Tesis'!C275 -> 44637 | D275: 924873.29 | E275: 66714.662 | F275: 5646.8889
A276: =+'TLZK Tesis'!A276 -> 44624 | B276: =+'TLZK Tesis'!B276 -> 44638 | C276: =+'TLZK Tesis'!C276 -> 44651 | D276: 952593.12 | E276: 66391.21 | F276: 5840.7343
A277: =+'TLZK Tesis'!A277 -> 44638 | B277: =+'TLZK Tesis'!B277 -> 44652 | C277: =+'TLZK Tesis'!C277 -> 44665 | D277: 997896.93 | E277: 67151.894 | F277: 5679.2156
A278: =+'TLZK Tesis'!A278 -> 44652 | B278: =+'TLZK Tesis'!B278 -> 44666 | C278: =+'TLZK Tesis'!C278 -> 44679 | D278: 997078.88 | E278: 67622.059 | F278: 5645.7766
A279: =+'TLZK Tesis'!A279 -> 44666 | B279: =+'TLZK Tesis'!B279 -> 44680 | C279: =+'TLZK Tesis'!C279 -> 44693 | D279: 994052.48 | E279: 67105.947 | F279: 5708.5493
...

Sheet ROM Kullanımı
A1: Türk Lirası Yükümlülükler İçin Rezerv Opsiyonu Mekanizması (ROM) Kullanım Oranı (%)
A2: Yükümlülük Tarihi | B2: Tesis Başlangıç Tarihi | C2: Tesis Bitiş Tarihi | D2: Döviz İmkanı (Max) % | E2: Döviz İmkanı Kullanımı % | F2: Standart Altın İmkanı (Max) % | G2: Standart Altın İmkanı Kullanımı % | H2: Hurda Altın İmkanı (Max) % | I2: Hurda Altın İmkanı Kullanımı %
A3: 40802 | B3: 40816 | C3: 40829 | D3: 10 | E3: 7.86
A4: 40816 | B4: 40830 | C4: 40843 | D4: 20 | E4: 13.82
A5: 40830 | B5: 40844 | C5: 40857 | D5: 20 | E5: 18.03
A6: 40844 | B6: 40858 | C6: 40871 | D6: 40 | E6: 33.6 | F6: 10 | G6: 4.4
A7: 40858 | B7: 40872 | C7: 40885 | D7: 40 | E7: 34.7 | F7: 10 | G7: 5.9
A8: 40872 | B8: 40886 | C8: 40899 | D8: 40 | E8: 35.7 | F8: 10 | G8: 6.5
A9: 40886 | B9: 40900 | C9: 40913 | D9: 40 | E9: 36 | F9: 10 | G9: 8.6
A10: 40900 | B10: 40914 | C10: 40927 | D10: 40 | E10: 35.9 | F10: 10 | G10: 8.4
A11: 40914 | B11: 40928 | C11: 40941 | D11: 40 | E11: 35.9 | F11: 10 | G11: 8.4
A12: 40928 | B12: 40942 | C12: 40955 | D12: 40 | E12: 35.7 | F12: 10 | G12: 8.4
A13: 40942 | B13: 40956 | C13: 40969 | D13: 40 | E13: 36 | F13: 10 | G13: 8.5
A14: 40956 | B14: 40970 | C14: 40983 | D14: 40 | E14: 35.7 | F14: 10 | G14: 8.5
A15: 40970 | B15: 40984 | C15: 40997 | D15: 40 | E15: 36.1 | F15: 10 | G15: 8.7
A16: 40984 | B16: 40998 | C16: 41011 | D16: 40 | E16: 35.8 | F16: 10 | G16: 8.9
A17: 40998 | B17: 41012 | C17: 41025 | D17: 40 | E17: 35.9 | F17: 20 | G17: 18
... A136: 42664 | B136: 42678 | C136: 42691 | D136: 60 | E136: 43.151724 | F136: 30 | G136: 21.133712
A137: 42678 | B137: 42692 | C137: 42705 | D137: 60 | E137: 41.475904 | F137: 30 | G137: 21.049262 | H137: 5 | I137: 0.0091886484
A138: 42692 | B138: 42706 | C138: 42719 | D138: 60 | E138: 44.060756 | F138: 30 | G138: 20.753737 | H138: 5 | I138: 0.059039118
A139: 42706 | B139: 42720 | C139: 42733 | D139: 60 | E139: 44.890212 | F139: 30 | G139: 20.201142 | H139: 5 | I139: 0.093737623
A140: 42720 | B140: 42734 | C140: 42747 | D140: 60 | E140: 44.105818 | F140: 30 | G140: 19.264951 | H140: 5 | I140: 0.11848992
A141: 42734 | B141: 42748 | C141: 42761 | D141: 60 | E141: 46.597924 | F141: 30 | G141: 22.223487 | H141: 5 | I141: 0.15396485
A142: 42748 | B142: 42762 | C142: 42775 | D142: 60 | E142: 47.105366 | F142: 30 | G142: 24.020465 | H142: 5 | I142: 0.19947317
A143: 42762 | B143: 42776 | C143: 42789 | D143: 60 | E143: 48.493329 | F143: 30 | G143: 24.975469 | H143: 5 | I143: 0.2354149
A144: 42776 | B144: 42790 | C144: 42803 | D144: 60 | E144: 49.031897 | F144: 30 | G144: 24.822769 | H144: 5 | I144: 0.26310513
A145: 42790 | B145: 42804 | C145: 42817 | D145: 60 | E145: 51.08421 | F145: 30 | G145: 24.908814 | H145: 5 | I145: 0.28080069
A146: 42804 | B146: 42818 | C146: 42831 | D146: 60 | E146: 51.067555 | F146: 30 | G146: 25.607161 | H146: 5 | I146: 0.29664704
A147: 42818 | B147: 42832 | C147: 42845 | D147: 60 | E147: 50.462258 | F147: 30 | G147: 25.96786 | H147: 5 | I147: 0.31374905
A148: 42832 | B148: 42846 | C148: 42859 | D148: 60 | E148: 50.130322 | F148: 30 | G148: 26.641871 | H148: 5 | I148: 0.33814667
... A310: 45100 | B310: 45114 | C310: 45127 | D310: 0 | E310: 0 | F310: 0 | G310: 0 | H310: 0 | I310: 0

Sheet ZK Ağırlıklı Ortalama Oran
A1: Yükümlülükler İçin Ağırlıklı Ortalama Zorunlu Karşılık Oranları (%)
A2: Yükümlülük Tarihi | B2: Tesis Başlangıç Tarihi | C2: Tesis Bitiş Tarihi | D2: TL Ağırlıklı Ortalama ZK Oranı | E2: YP Ağırlıklı Ortalama ZK Oranı (YP cinsinden tesis edilmesi gereken kısım için)*
A3: 40550 | B3: 40564 | C3: 40577 | D3: 7.4246928 | E3: 11
A4: 40564 | B4: 40578 | C4: 40591 | D4: 7.4161596 | E4: 11.000002
A5: 40578 | B5: 40592 | C5: 40605 | D5: 9.4211751 | E5: 11
A6: 40592 | B6: 40606 | C6: 40619 | D6: 9.4380219 | E6: 11
A7: 40606 | B7: 40620 | C7: 40633 | D7: 9.3956152 | E7: 11
A8: 40620 | B8: 40634 | C8: 40647 | D8: 9.3881083 | E8: 10.999999
A9: 40634 | B9: 40648 | C9: 40661 | D9: 13.198812 | E9: 11
A10: 40648 | B10: 40662 | C10: 40675 | D10: 13.104716 | E10: 10.999999
A11: 40662 | B11: 40676 | C11: 40689 | D11: 13.295119 | E11: 11.827567
A12: 40676 | B12: 40690 | C12: 40703 | D12: 13.278397 | E12: 11.824581
A13: 40690 | B13: 40704 | C13: 40717 | D13: 13.239727 | E13: 11.823243
A14: 40704 | B14: 40718 | C14: 40731 | D14: 13.173042 | E14: 11.819162
... A375: 45758 | B375: 45772 | C375: 45785 | D375: 16.207422 | E375: 21.121882
A377: *Yabancı para cinsinden mevduat/katılım fonu (yurt dışı bankalar mevduatı/katılım fonu ve kıymetli maden depo hesapları hariç) için TL cinsinden tesis edilmesi gereken ilave zorunlu karşılık oranı tüm vadelerde yüzde 4’tür.
